"id";"student_id";"course_id";"status";"enrollment_date";"created_at";"updated_at";"deleted_at"
1;2;6;"pending";"2025-12-05";"2025-12-05 19:15:44";"2025-12-15 21:52:33";""
2;3;32;"pending";"2025-12-05";"2025-12-05 19:15:44";"2025-12-15 21:52:33";""
3;4;14;"pending";"2025-12-05";"2025-12-05 19:15:44";"2025-12-15 21:52:33";""
4;5;14;"pending";"2025-12-05";"2025-12-05 19:15:44";"2025-12-15 21:52:33";""
5;6;14;"pending";"2025-12-05";"2025-12-05 19:15:44";"2025-12-15 21:52:33";""
6;7;14;"pending";"2025-12-05";"2025-12-05 19:15:44";"2025-12-15 21:52:33";""
7;8;14;"pending";"2025-12-05";"2025-12-05 19:15:44";"2025-12-15 21:52:33";""
8;9;14;"pending";"2025-12-05";"2025-12-05 19:15:44";"2025-12-15 21:52:33";""
9;10;14;"pending";"2025-12-05";"2025-12-05 19:15:44";"2025-12-15 21:52:33";""
10;11;14;"pending";"2025-12-05";"2025-12-05 19:15:44";"2025-12-15 21:52:33";""
11;12;2;"pending";"2025-12-05";"2025-12-05 19:15:44";"2025-12-15 21:52:33";""
12;13;2;"pending";"2025-12-05";"2025-12-05 19:15:44";"2025-12-15 21:52:33";""
13;14;2;"pending";"2025-12-05";"2025-12-05 19:15:44";"2025-12-15 21:52:33";""
14;15;2;"pending";"2025-12-05";"2025-12-05 19:15:44";"2025-12-15 21:52:33";""
15;16;2;"pending";"2025-12-05";"2025-12-05 19:15:44";"2025-12-15 21:52:33";""
16;17;2;"pending";"2025-12-05";"2025-12-05 19:15:44";"2025-12-15 21:52:33";""
17;18;2;"pending";"2025-12-05";"2025-12-05 19:15:44";"2025-12-15 21:52:33";""
18;19;2;"pending";"2025-12-05";"2025-12-05 19:15:44";"2025-12-15 21:52:33";""
19;20;2;"pending";"2025-12-05";"2025-12-05 19:15:44";"2025-12-15 21:52:33";""
20;21;2;"pending";"2025-12-05";"2025-12-05 19:15:44";"2025-12-15 21:52:33";""
21;22;2;"pending";"2025-12-05";"2025-12-05 19:15:44";"2025-12-15 21:52:33";""
22;23;2;"pending";"2025-12-05";"2025-12-05 19:15:44";"2025-12-15 21:52:33";""
23;24;2;"pending";"2025-12-05";"2025-12-05 19:15:44";"2025-12-15 21:52:33";""
24;25;2;"pending";"2025-12-05";"2025-12-05 19:15:44";"2025-12-15 21:52:33";""
25;26;2;"pending";"2025-12-05";"2025-12-05 19:15:44";"2025-12-15 21:52:33";""
26;27;2;"pending";"2025-12-05";"2025-12-05 19:15:44";"2025-12-15 21:52:33";""
27;28;2;"pending";"2025-12-05";"2025-12-05 19:15:44";"2025-12-15 21:52:33";""
28;29;2;"pending";"2025-12-05";"2025-12-05 19:15:44";"2025-12-15 21:52:33";""
29;30;2;"pending";"2025-12-05";"2025-12-05 19:15:44";"2025-12-15 21:52:33";""
30;31;2;"pending";"2025-12-05";"2025-12-05 19:15:44";"2025-12-15 21:52:33";""
31;32;2;"pending";"2025-12-05";"2025-12-05 19:15:44";"2025-12-15 21:52:33";""
32;33;2;"pending";"2025-12-05";"2025-12-05 19:15:44";"2025-12-15 21:52:33";""
33;34;2;"pending";"2025-12-05";"2025-12-05 19:15:44";"2025-12-15 21:52:33";""
34;35;2;"pending";"2025-12-05";"2025-12-05 19:15:44";"2025-12-15 21:52:33";""
35;36;2;"pending";"2025-12-05";"2025-12-05 19:15:44";"2025-12-15 21:52:33";""
36;37;1;"pending";"2025-12-05";"2025-12-05 19:15:44";"2025-12-15 21:52:33";""
37;38;2;"pending";"2025-12-05";"2025-12-05 19:15:44";"2025-12-15 21:52:33";""
38;39;2;"pending";"2025-12-05";"2025-12-05 19:15:44";"2025-12-15 21:52:33";""
39;40;2;"pending";"2025-12-05";"2025-12-05 19:15:44";"2025-12-15 21:52:33";""
40;41;1;"pending";"2025-12-05";"2025-12-05 19:15:44";"2025-12-15 21:52:33";""
41;42;1;"pending";"2025-12-05";"2025-12-05 19:15:44";"2025-12-15 21:52:33";""
42;43;2;"pending";"2025-12-05";"2025-12-05 19:15:44";"2025-12-15 21:52:33";""
43;44;1;"pending";"2025-12-05";"2025-12-05 19:15:44";"2025-12-15 21:52:33";""
44;45;22;"pending";"2025-12-05";"2025-12-05 19:15:44";"2025-12-15 21:52:33";""
45;46;14;"pending";"2025-12-05";"2025-12-05 19:15:44";"2025-12-15 21:52:33";""
46;47;1;"pending";"2025-12-05";"2025-12-05 19:15:44";"2025-12-15 21:52:33";""
47;48;2;"pending";"2025-12-05";"2025-12-05 19:15:44";"2025-12-15 21:52:33";""
48;49;2;"pending";"2025-12-05";"2025-12-05 19:15:44";"2025-12-15 21:52:33";""
49;50;14;"pending";"2025-12-05";"2025-12-05 19:15:44";"2025-12-15 21:52:33";""
50;51;14;"pending";"2025-12-05";"2025-12-05 19:15:44";"2025-12-15 21:52:33";""
51;52;17;"pending";"2025-12-05";"2025-12-05 19:15:44";"2025-12-15 21:52:33";""
52;53;14;"pending";"2025-12-05";"2025-12-05 19:15:44";"2025-12-15 21:52:33";""
53;54;14;"pending";"2025-12-05";"2025-12-05 19:15:44";"2025-12-15 21:52:33";""
54;55;14;"pending";"2025-12-05";"2025-12-05 19:15:44";"2025-12-15 21:52:33";""
55;56;14;"pending";"2025-12-05";"2025-12-05 19:15:44";"2025-12-15 21:52:33";""
56;57;14;"pending";"2025-12-05";"2025-12-05 19:15:44";"2025-12-15 21:52:33";""
57;58;14;"pending";"2025-12-05";"2025-12-05 19:15:44";"2025-12-15 21:52:33";""
58;59;41;"pending";"2025-12-05";"2025-12-05 19:15:44";"2025-12-15 21:52:33";""
59;60;41;"pending";"2025-12-05";"2025-12-05 19:15:44";"2025-12-15 21:52:33";""
60;61;41;"pending";"2025-12-05";"2025-12-05 19:15:44";"2025-12-15 21:52:33";""
61;62;41;"pending";"2025-12-05";"2025-12-05 19:15:44";"2025-12-15 21:52:33";""
62;63;45;"pending";"2025-12-05";"2025-12-05 19:15:44";"2025-12-15 21:52:33";""
63;64;44;"pending";"2025-12-05";"2025-12-05 19:15:44";"2025-12-15 21:52:33";""
64;65;45;"pending";"2025-12-05";"2025-12-05 19:15:44";"2025-12-15 21:52:33";""
65;66;41;"pending";"2025-12-05";"2025-12-05 19:15:44";"2025-12-15 21:52:33";""
66;67;41;"pending";"2025-12-05";"2025-12-05 19:15:44";"2025-12-15 21:52:33";""
67;68;41;"pending";"2025-12-05";"2025-12-05 19:15:44";"2025-12-15 21:52:33";""
68;69;41;"pending";"2025-12-05";"2025-12-05 19:15:44";"2025-12-15 21:52:33";""
69;70;9;"pending";"2025-12-05";"2025-12-05 19:15:44";"2025-12-15 21:52:33";""
70;71;12;"pending";"2025-12-05";"2025-12-05 19:15:44";"2025-12-15 21:52:33";""
71;72;10;"pending";"2025-12-05";"2025-12-05 19:15:44";"2025-12-15 21:52:33";""
72;73;3;"pending";"2025-12-05";"2025-12-05 19:15:44";"2025-12-15 21:52:33";""
73;74;3;"pending";"2025-12-05";"2025-12-05 19:15:44";"2025-12-15 21:52:33";""
74;75;3;"pending";"2025-12-05";"2025-12-05 19:15:44";"2025-12-15 21:52:33";""
75;76;14;"pending";"2025-12-05";"2025-12-05 19:15:44";"2025-12-15 21:52:33";""
76;77;6;"pending";"2025-12-05";"2025-12-05 19:15:44";"2025-12-17 21:48:08";""
77;78;6;"pending";"2025-12-05";"2025-12-05 19:15:44";"2025-12-15 21:52:33";""
78;79;6;"pending";"2025-12-05";"2025-12-05 19:15:44";"2025-12-15 21:52:33";""
79;80;6;"pending";"2025-12-05";"2025-12-05 19:15:44";"2025-12-15 21:52:33";""
80;81;6;"pending";"2025-12-05";"2025-12-05 19:15:44";"2025-12-15 21:52:33";""
81;82;6;"pending";"2025-12-05";"2025-12-05 19:15:44";"2025-12-15 21:52:33";""
82;83;6;"pending";"2025-12-05";"2025-12-05 19:15:44";"2025-12-15 21:52:33";""
83;84;6;"pending";"2025-12-05";"2025-12-05 19:15:44";"2025-12-15 21:52:33";""
84;85;6;"pending";"2025-12-05";"2025-12-05 19:15:44";"2025-12-15 21:52:33";""
85;86;6;"pending";"2025-12-05";"2025-12-05 19:15:44";"2025-12-15 21:52:33";""
86;87;6;"pending";"2025-12-05";"2025-12-05 19:15:44";"2025-12-15 21:52:33";""
87;88;39;"pending";"2025-12-05";"2025-12-05 19:15:44";"2025-12-15 21:52:33";""
88;89;7;"pending";"2025-12-05";"2025-12-05 19:15:44";"2025-12-15 21:52:33";""
89;90;4;"pending";"2025-12-05";"2025-12-05 19:15:44";"2025-12-15 21:52:33";""
90;91;7;"pending";"2025-12-05";"2025-12-05 19:15:44";"2025-12-15 21:52:33";""
91;92;7;"pending";"2025-12-05";"2025-12-05 19:15:44";"2025-12-15 21:52:33";""
92;93;26;"pending";"2025-12-05";"2025-12-05 19:15:44";"2025-12-15 21:52:33";""
93;94;26;"pending";"2025-12-05";"2025-12-05 19:15:44";"2025-12-15 21:52:33";""
94;95;41;"pending";"2025-12-05";"2025-12-05 19:15:44";"2025-12-15 21:52:33";""
95;96;41;"pending";"2025-12-05";"2025-12-05 19:15:44";"2025-12-15 21:52:33";""
96;97;19;"pending";"2025-12-05";"2025-12-05 19:15:44";"2025-12-15 21:52:33";""
97;98;41;"pending";"2025-12-05";"2025-12-05 19:15:44";"2025-12-15 21:55:04";""
98;100;41;"pending";"2025-12-05";"2025-12-05 19:15:44";"2025-12-15 21:52:33";""
99;101;41;"pending";"2025-12-05";"2025-12-05 19:15:44";"2025-12-15 21:52:33";""
100;102;41;"pending";"2025-12-05";"2025-12-05 19:15:44";"2025-12-15 21:52:33";""
101;103;41;"pending";"2025-12-05";"2025-12-05 19:15:44";"2025-12-15 21:52:33";""
102;104;41;"pending";"2025-12-05";"2025-12-05 19:15:44";"2025-12-15 21:52:33";""
103;105;41;"pending";"2025-12-05";"2025-12-05 19:15:44";"2025-12-15 21:52:33";""
104;106;28;"pending";"2025-12-05";"2025-12-05 19:15:44";"2025-12-15 21:52:33";""
105;107;28;"pending";"2025-12-05";"2025-12-05 19:15:44";"2025-12-15 21:52:33";""
106;108;28;"pending";"2025-12-05";"2025-12-05 19:15:44";"2025-12-15 21:52:33";""
107;109;27;"pending";"2025-12-05";"2025-12-05 19:15:44";"2025-12-15 21:52:33";""
108;110;18;"pending";"2025-12-05";"2025-12-05 19:15:44";"2025-12-15 21:52:33";""
109;111;29;"pending";"2025-12-05";"2025-12-05 19:15:44";"2025-12-15 21:52:33";""
110;112;5;"pending";"2025-12-05";"2025-12-05 19:15:44";"2025-12-15 21:52:33";""
111;113;5;"pending";"2025-12-05";"2025-12-05 19:15:44";"2025-12-15 21:52:33";""
112;114;5;"pending";"2025-12-05";"2025-12-05 19:15:44";"2025-12-15 21:52:33";""
113;115;29;"pending";"2025-12-05";"2025-12-05 19:15:44";"2025-12-15 21:52:33";""
114;116;17;"pending";"2025-12-05";"2025-12-05 19:15:44";"2025-12-15 21:52:33";""
115;117;14;"pending";"2025-12-05";"2025-12-05 19:15:44";"2025-12-15 21:52:33";""
116;118;6;"pending";"2025-12-05";"2025-12-05 19:15:44";"2025-12-15 21:52:33";""
117;119;13;"pending";"2025-12-05";"2025-12-05 19:15:44";"2025-12-15 21:52:33";""
118;120;7;"pending";"2025-12-05";"2025-12-05 19:15:44";"2025-12-15 21:52:33";""
119;121;17;"pending";"2025-12-05";"2025-12-05 19:15:44";"2025-12-15 21:52:33";""
120;122;14;"pending";"2025-12-05";"2025-12-05 19:15:44";"2025-12-15 21:52:33";""
121;123;14;"pending";"2025-12-05";"2025-12-05 19:15:44";"2025-12-15 21:52:33";""
122;124;14;"pending";"2025-12-05";"2025-12-05 19:15:44";"2025-12-15 21:52:33";""
123;125;14;"pending";"2025-12-05";"2025-12-05 19:15:44";"2025-12-15 21:52:33";""
124;126;14;"pending";"2025-12-05";"2025-12-05 19:15:44";"2025-12-15 21:52:33";""
125;127;14;"pending";"2025-12-05";"2025-12-05 19:15:44";"2025-12-15 21:52:33";""
126;129;16;"pending";"2025-12-05";"2025-12-05 19:15:44";"2025-12-15 21:52:33";""
127;130;14;"pending";"2025-12-05";"2025-12-05 19:15:44";"2025-12-15 21:52:33";""
128;131;17;"pending";"2025-12-05";"2025-12-05 19:15:44";"2025-12-15 21:52:33";""
129;132;29;"pending";"2025-12-05";"2025-12-05 19:15:44";"2025-12-15 21:52:33";""
130;133;29;"pending";"2025-12-05";"2025-12-05 19:15:44";"2025-12-15 21:52:33";""
131;134;37;"pending";"2025-12-05";"2025-12-05 19:15:44";"2025-12-15 21:52:33";""
132;135;15;"pending";"2025-12-05";"2025-12-05 19:15:44";"2025-12-15 21:52:33";""
133;136;29;"pending";"2025-12-05";"2025-12-05 19:15:44";"2025-12-15 21:52:33";""
134;137;36;"pending";"2025-12-05";"2025-12-05 19:15:44";"2025-12-15 21:52:33";""
135;138;36;"pending";"2025-12-05";"2025-12-05 19:15:44";"2025-12-15 21:52:33";""
136;139;32;"pending";"2025-12-05";"2025-12-05 19:15:44";"2025-12-15 21:52:33";""
137;140;32;"pending";"2025-12-05";"2025-12-05 19:15:44";"2025-12-15 21:52:33";""
138;141;32;"pending";"2025-12-05";"2025-12-05 19:15:44";"2025-12-15 21:52:33";""
139;142;32;"pending";"2025-12-05";"2025-12-05 19:15:44";"2025-12-15 21:52:33";""
140;143;32;"pending";"2025-12-05";"2025-12-05 19:15:44";"2025-12-15 21:52:33";""
141;144;32;"pending";"2025-12-05";"2025-12-05 19:15:44";"2025-12-15 21:52:33";""
142;145;32;"pending";"2025-12-05";"2025-12-05 19:15:44";"2025-12-15 21:52:33";""
143;146;32;"pending";"2025-12-05";"2025-12-05 19:15:44";"2025-12-15 21:58:40";""
144;147;32;"pending";"2025-12-05";"2025-12-05 19:15:44";"2025-12-15 21:52:33";""
145;148;10;"pending";"2025-12-05";"2025-12-05 19:15:44";"2025-12-15 21:52:33";""
146;149;25;"pending";"2025-12-05";"2025-12-05 19:15:44";"2025-12-15 21:52:33";""
147;150;9;"pending";"2025-12-05";"2025-12-05 19:15:44";"2025-12-15 21:52:33";""
148;151;23;"pending";"2025-12-05";"2025-12-05 19:15:44";"2025-12-15 21:52:33";""
149;152;41;"pending";"2025-12-05";"2025-12-05 19:15:44";"2025-12-15 21:52:33";""
150;153;41;"pending";"2025-12-05";"2025-12-05 19:15:44";"2025-12-15 21:52:33";""
151;154;19;"pending";"2025-12-05";"2025-12-05 19:15:44";"2025-12-15 21:52:33";""
152;155;42;"pending";"2025-12-05";"2025-12-05 19:15:44";"2025-12-15 21:52:33";""
153;156;24;"pending";"2025-12-05";"2025-12-05 19:15:44";"2025-12-15 21:52:33";""
154;158;22;"pending";"2025-12-05";"2025-12-05 19:15:44";"2025-12-15 21:52:33";""
155;160;23;"pending";"2025-12-05";"2025-12-05 19:15:44";"2025-12-15 21:52:33";""
156;161;23;"pending";"2025-12-05";"2025-12-05 19:15:44";"2025-12-15 21:52:33";""
157;162;31;"pending";"2025-12-05";"2025-12-05 19:15:44";"2025-12-15 21:52:33";""
158;163;24;"pending";"2025-12-05";"2025-12-05 19:15:44";"2025-12-15 21:52:33";""
159;165;32;"pending";"2025-12-05";"2025-12-05 19:15:44";"2025-12-15 21:52:33";""
160;166;32;"pending";"2025-12-05";"2025-12-05 19:15:44";"2025-12-15 21:52:33";""
161;167;32;"pending";"2025-12-05";"2025-12-05 19:15:44";"2025-12-15 21:52:33";""
162;168;32;"pending";"2025-12-05";"2025-12-05 19:15:44";"2025-12-15 21:52:33";""
163;169;32;"pending";"2025-12-05";"2025-12-05 19:15:44";"2025-12-15 21:52:33";""
164;170;12;"pending";"2025-12-05";"2025-12-05 19:15:44";"2025-12-15 21:52:33";""
165;171;46;"pending";"2025-12-05";"2025-12-05 19:15:44";"2025-12-15 21:52:33";""
166;172;46;"pending";"2025-12-05";"2025-12-05 19:15:44";"2025-12-15 21:52:33";""
167;173;31;"pending";"2025-12-05";"2025-12-05 19:15:44";"2025-12-15 21:52:33";""
168;174;12;"pending";"2025-12-05";"2025-12-05 19:15:44";"2025-12-15 21:52:33";""
169;175;23;"pending";"2025-12-05";"2025-12-05 19:15:44";"2025-12-15 21:52:33";""
170;176;24;"pending";"2025-12-05";"2025-12-05 19:15:44";"2025-12-15 21:52:33";""
171;177;23;"pending";"2025-12-05";"2025-12-05 19:15:44";"2025-12-15 21:52:33";""
172;178;31;"pending";"2025-12-05";"2025-12-05 19:15:44";"2025-12-15 21:52:33";""
173;179;31;"pending";"2025-12-05";"2025-12-05 19:15:44";"2025-12-15 21:52:33";""
174;180;31;"pending";"2025-12-05";"2025-12-05 19:15:44";"2025-12-15 21:52:33";""
175;181;31;"pending";"2025-12-05";"2025-12-05 19:15:44";"2025-12-15 21:52:33";""
176;182;31;"pending";"2025-12-05";"2025-12-05 19:15:44";"2025-12-15 21:52:33";""
177;183;31;"pending";"2025-12-05";"2025-12-05 19:15:44";"2025-12-15 21:52:33";""
178;184;31;"pending";"2025-12-05";"2025-12-05 19:15:44";"2025-12-15 21:52:33";""
179;185;31;"pending";"2025-12-05";"2025-12-05 19:15:44";"2025-12-15 21:52:33";""
180;186;31;"pending";"2025-12-05";"2025-12-05 19:15:44";"2025-12-15 21:52:33";""
181;187;31;"pending";"2025-12-05";"2025-12-05 19:15:44";"2025-12-15 21:52:33";""
182;188;31;"pending";"2025-12-05";"2025-12-05 19:15:44";"2025-12-15 21:52:33";""
183;189;31;"pending";"2025-12-05";"2025-12-05 19:15:44";"2025-12-15 21:52:33";""
184;190;31;"pending";"2025-12-05";"2025-12-05 19:15:44";"2025-12-15 21:52:33";""
185;191;31;"pending";"2025-12-05";"2025-12-05 19:15:44";"2025-12-15 21:52:33";""
186;192;31;"pending";"2025-12-05";"2025-12-05 19:15:44";"2025-12-15 21:52:33";""
187;193;29;"pending";"2025-12-05";"2025-12-05 19:15:44";"2025-12-15 21:52:33";""
188;194;33;"pending";"2025-12-05";"2025-12-05 19:15:44";"2025-12-15 21:52:33";""
189;195;33;"pending";"2025-12-05";"2025-12-05 19:15:44";"2025-12-15 21:52:33";""
190;196;33;"pending";"2025-12-05";"2025-12-05 19:15:44";"2025-12-15 21:52:33";""
191;197;33;"pending";"2025-12-05";"2025-12-05 19:15:44";"2025-12-15 21:52:33";""
192;198;33;"pending";"2025-12-05";"2025-12-05 19:15:44";"2025-12-15 21:52:33";""
193;199;29;"pending";"2025-12-05";"2025-12-05 19:15:44";"2025-12-15 21:52:33";""
194;200;38;"pending";"2025-12-05";"2025-12-05 19:15:44";"2025-12-15 21:52:33";""
195;201;38;"pending";"2025-12-05";"2025-12-05 19:15:44";"2025-12-15 21:52:33";""
196;202;38;"pending";"2025-12-05";"2025-12-05 19:15:44";"2025-12-15 21:52:33";""
197;203;38;"pending";"2025-12-05";"2025-12-05 19:15:44";"2025-12-15 21:52:33";""
198;204;38;"pending";"2025-12-05";"2025-12-05 19:15:44";"2025-12-15 21:52:33";""
199;205;38;"pending";"2025-12-05";"2025-12-05 19:15:44";"2025-12-15 21:52:33";""
200;206;38;"pending";"2025-12-05";"2025-12-05 19:15:44";"2025-12-15 21:52:33";""
201;207;38;"pending";"2025-12-05";"2025-12-05 19:15:44";"2025-12-15 21:52:33";""
202;208;31;"pending";"2025-12-05";"2025-12-05 19:15:44";"2025-12-15 21:52:33";""
203;209;31;"pending";"2025-12-05";"2025-12-05 19:15:44";"2025-12-15 21:52:33";""
204;210;31;"pending";"2025-12-05";"2025-12-05 19:15:44";"2025-12-15 21:52:33";""
205;211;31;"pending";"2025-12-05";"2025-12-05 19:15:44";"2025-12-15 21:52:33";""
206;212;31;"pending";"2025-12-05";"2025-12-05 19:15:44";"2025-12-15 21:52:33";""
207;213;31;"pending";"2025-12-05";"2025-12-05 19:15:44";"2025-12-15 21:52:33";""
208;214;31;"pending";"2025-12-05";"2025-12-05 19:15:44";"2025-12-15 21:52:33";""
209;215;31;"pending";"2025-12-05";"2025-12-05 19:15:44";"2025-12-15 21:52:33";""
210;216;31;"pending";"2025-12-05";"2025-12-05 19:15:44";"2025-12-15 21:52:33";""
211;217;31;"pending";"2025-12-05";"2025-12-05 19:15:44";"2025-12-15 21:52:33";""
212;218;8;"pending";"2025-12-05";"2025-12-05 19:15:44";"2025-12-15 21:52:33";""
213;219;17;"pending";"2025-12-05";"2025-12-05 19:15:44";"2025-12-15 21:52:33";""
214;220;46;"pending";"2025-12-05";"2025-12-05 19:15:44";"2025-12-15 21:52:33";""
215;221;46;"pending";"2025-12-05";"2025-12-05 19:15:44";"2025-12-15 21:52:33";""
216;222;47;"pending";"2025-12-05";"2025-12-05 19:15:44";"2025-12-15 21:52:33";""
217;223;46;"pending";"2025-12-05";"2025-12-05 19:15:44";"2025-12-15 21:52:33";""
218;224;46;"pending";"2025-12-05";"2025-12-05 19:15:44";"2025-12-15 21:52:33";""
219;225;46;"pending";"2025-12-05";"2025-12-05 19:15:44";"2025-12-15 21:52:33";""
220;226;12;"pending";"2025-12-05";"2025-12-05 19:15:44";"2025-12-15 21:52:33";""
221;227;24;"pending";"2025-12-05";"2025-12-05 19:15:44";"2025-12-15 21:52:33";""
222;228;24;"pending";"2025-12-05";"2025-12-05 19:15:44";"2025-12-15 21:52:33";""
223;229;24;"pending";"2025-12-05";"2025-12-05 19:15:44";"2025-12-15 21:52:33";""
224;230;24;"pending";"2025-12-05";"2025-12-05 19:15:44";"2025-12-15 21:52:33";""
225;231;24;"pending";"2025-12-05";"2025-12-05 19:15:44";"2025-12-15 21:52:33";""
226;232;23;"pending";"2025-12-05";"2025-12-05 19:15:44";"2025-12-15 21:52:33";""
227;233;21;"pending";"2025-12-05";"2025-12-05 19:15:44";"2025-12-15 21:52:33";""
228;234;46;"pending";"2025-12-05";"2025-12-05 19:15:44";"2025-12-15 21:52:33";""
229;235;46;"pending";"2025-12-05";"2025-12-05 19:15:44";"2025-12-15 21:52:33";""
230;236;46;"pending";"2025-12-05";"2025-12-05 19:15:44";"2025-12-15 21:52:33";""
231;239;10;"pending";"2025-12-05";"2025-12-05 19:15:44";"2025-12-15 21:52:33";""
232;240;23;"pending";"2025-12-05";"2025-12-05 19:15:44";"2025-12-15 21:52:33";""
233;241;23;"pending";"2025-12-05";"2025-12-05 19:15:44";"2025-12-15 21:52:33";""
234;242;39;"pending";"2025-12-05";"2025-12-05 19:15:44";"2025-12-15 21:52:33";""
235;243;20;"pending";"2025-12-05";"2025-12-05 19:15:44";"2025-12-15 21:52:33";""
236;244;30;"pending";"2025-12-05";"2025-12-05 19:15:44";"2025-12-15 21:52:33";""
237;245;30;"pending";"2025-12-05";"2025-12-05 19:15:44";"2025-12-15 21:52:33";""
238;247;30;"pending";"2025-12-05";"2025-12-05 19:15:44";"2025-12-15 21:52:33";""
239;248;31;"pending";"2025-12-05";"2025-12-05 19:15:44";"2025-12-15 21:52:33";""
240;249;31;"pending";"2025-12-05";"2025-12-05 19:15:44";"2025-12-15 21:52:33";""
241;250;31;"pending";"2025-12-05";"2025-12-05 19:15:44";"2025-12-15 21:52:33";""
242;251;31;"pending";"2025-12-05";"2025-12-05 19:15:44";"2025-12-15 21:52:33";""
243;252;31;"pending";"2025-12-05";"2025-12-05 19:15:44";"2025-12-15 21:52:33";""
244;253;31;"pending";"2025-12-05";"2025-12-05 19:15:44";"2025-12-15 21:52:33";""
245;254;30;"pending";"2025-12-05";"2025-12-05 19:15:44";"2025-12-15 21:52:33";""
246;255;31;"pending";"2025-12-05";"2025-12-05 19:15:44";"2025-12-15 21:52:33";""
247;256;31;"pending";"2025-12-05";"2025-12-05 19:15:44";"2025-12-15 21:52:33";""
248;257;31;"pending";"2025-12-05";"2025-12-05 19:15:44";"2025-12-15 21:52:33";""
249;258;33;"pending";"2025-12-05";"2025-12-05 19:15:44";"2025-12-15 21:52:33";""
250;259;34;"pending";"2025-12-05";"2025-12-05 19:15:44";"2025-12-15 21:52:33";""
251;260;32;"pending";"2025-12-05";"2025-12-05 19:15:44";"2025-12-15 21:52:33";""
252;261;34;"pending";"2025-12-05";"2025-12-05 19:15:44";"2025-12-15 21:52:33";""
253;262;32;"pending";"2025-12-05";"2025-12-05 19:15:44";"2025-12-15 21:52:33";""
254;263;34;"pending";"2025-12-05";"2025-12-05 19:15:44";"2025-12-15 21:52:33";""
255;264;32;"pending";"2025-12-05";"2025-12-05 19:15:44";"2025-12-15 21:52:33";""
256;265;30;"pending";"2025-12-05";"2025-12-05 19:15:44";"2025-12-15 21:52:33";""
257;266;11;"pending";"2025-12-05";"2025-12-05 19:15:44";"2025-12-15 21:52:33";""
258;267;23;"pending";"2025-12-05";"2025-12-05 19:15:44";"2025-12-15 21:52:33";""
259;268;30;"pending";"2025-12-05";"2025-12-05 19:15:44";"2025-12-15 21:52:33";""
260;269;46;"pending";"2025-12-05";"2025-12-05 19:15:44";"2025-12-15 21:52:33";""
261;270;31;"pending";"2025-12-05";"2025-12-05 19:15:44";"2025-12-15 21:52:33";""
262;271;34;"pending";"2025-12-05";"2025-12-05 19:15:44";"2025-12-15 21:52:33";""
263;272;34;"pending";"2025-12-05";"2025-12-05 19:15:44";"2025-12-15 21:52:33";""
264;273;34;"pending";"2025-12-05";"2025-12-05 19:15:44";"2025-12-15 21:52:33";""
265;274;30;"pending";"2025-12-05";"2025-12-05 19:15:44";"2025-12-15 21:52:33";""
266;275;33;"pending";"2025-12-05";"2025-12-05 19:15:44";"2025-12-15 21:52:33";""
267;276;33;"pending";"2025-12-05";"2025-12-05 19:15:44";"2025-12-15 21:52:33";""
268;277;33;"pending";"2025-12-05";"2025-12-05 19:15:44";"2025-12-15 21:52:33";""
269;278;33;"pending";"2025-12-05";"2025-12-05 19:15:44";"2025-12-15 21:52:33";""
270;279;33;"pending";"2025-12-05";"2025-12-05 19:15:44";"2025-12-15 21:52:33";""
271;280;33;"pending";"2025-12-05";"2025-12-05 19:15:44";"2025-12-15 21:52:33";""
272;281;33;"pending";"2025-12-05";"2025-12-05 19:15:44";"2025-12-15 21:52:33";""
273;282;33;"pending";"2025-12-05";"2025-12-05 19:15:44";"2025-12-15 21:52:33";""
274;283;33;"pending";"2025-12-05";"2025-12-05 19:15:44";"2025-12-15 21:52:33";""
275;284;33;"pending";"2025-12-05";"2025-12-05 19:15:44";"2025-12-15 21:52:33";""
276;285;33;"pending";"2025-12-05";"2025-12-05 19:15:44";"2025-12-15 21:52:33";""
277;286;33;"pending";"2025-12-05";"2025-12-05 19:15:44";"2025-12-15 21:52:33";""
278;287;32;"pending";"2025-12-05";"2025-12-05 19:15:44";"2025-12-15 21:52:33";""
279;99;45;"pending";"2025-12-05";"2025-12-05 19:28:23";"2025-12-15 21:52:33";""
280;128;16;"pending";"2025-12-05";"2025-12-05 19:28:23";"2025-12-15 21:52:33";""
281;159;22;"pending";"2025-12-05";"2025-12-05 19:28:23";"2025-12-15 21:52:33";""
282;157;48;"pending";"2025-12-05";"2025-12-05 19:31:35";"2025-12-15 21:52:33";""
283;164;49;"pending";"2025-12-05";"2025-12-05 19:31:35";"2025-12-15 21:52:33";""
284;238;50;"pending";"2025-12-05";"2025-12-05 19:31:35";"2025-12-15 21:52:33";""
285;246;30;"pending";"2025-12-05";"2025-12-05 19:31:35";"2025-12-15 21:52:33";""
286;237;46;"pending";"2025-12-05";"2025-12-05 19:41:22";"2025-12-15 21:52:33";""
287;288;1;"pending";"2025-12-13";"2025-12-13 10:22:00";"2025-12-13 10:22:00";""
